<?xml version="1.0" encoding="UTF-8"?>
<Signature>
  <SignedInfo>
    <CanonicalizationMethod Algorithm=""></CanonicalizationMethod>
    <SignatureMethod Algorithm=""></SignatureMethod>
    <Reference URI="">
      <DigestMethod Algorithm=""></DigestMethod>
      <DigestValue></DigestValue>
    </Reference>
  </SignedInfo>
  <SignatureValue></SignatureValue>
  <KeyInfo>
    <KeyName></KeyName>
  </KeyInfo>
  <Object Id="">
    <Package>
      <EnvelopInfo>
        <version>1.0</version>
        <business_id>BSHF2020040200007</business_id>
        <message_id>1586316884190</message_id>
        <file_name>SAS_SAS121_BSHF2020040200007_924e3034b2f84281b337c84d00609618_20200408113444.zip</file_name>
        <message_type>SAS121</message_type>
        <sender_id>1586316884190</sender_id>
        <receiver_id>15863168841901</receiver_id>
        <Ic_Card>8930000052633</Ic_Card>
      </EnvelopInfo>
      <DataInfo>
        <PocketInfo>
          <is_unstructured></is_unstructured>
        </PocketInfo>
        <BussinessData>
          <PassPortMessage>
            <PassportHead>
              <PassportNo></PassportNo>
              <PassportTypecd>2</PassportTypecd>
              <MasterCuscd>8022</MasterCuscd>
              <DclTypecd>1</DclTypecd>
              <IoTypecd>I</IoTypecd>
              <BindTypecd>3</BindTypecd>
              <RltTbTypecd>1</RltTbTypecd>
              <RltNo>QD802220I000000162</RltNo>
              <AreainOriactNo>L8022B19A002</AreainOriactNo>
              <AreainEtpsno>5005W60001</AreainEtpsno>
              <AreainEtpsNm>中新（重庆）多式联运物流发展有限公司两江新区分公司</AreainEtpsNm>
              <AreainEtpsSccd>91500000MA60MUG36K</AreainEtpsSccd>
              <VehicleNo>渝DG3187</VehicleNo>
              <VehicleIcNo>E0040000F3BD5009</VehicleIcNo>
              <ContainerNo>NSSU7066210</ContainerNo>
              <VehicleWt>7280.00000</VehicleWt>
              <VehicleFrameNo>渝B6296挂</VehicleFrameNo>
              <VehicleFrameWt>6320.00000</VehicleFrameWt>
              <ContainerType></ContainerType>
              <ContainerWt>3800.00000</ContainerWt>
              <TotalWt>36190.00000</TotalWt>
              <TotalGrossWt>18790.00000</TotalGrossWt>
              <TotalNetWt>15078.00000</TotalNetWt>
              <DclErConc>吴瑶</DclErConc>
              <DclEtpsno>5003980029</DclEtpsno>
              <DclEtpsNm>重庆安捷国际运输代理有限公司</DclEtpsNm>
              <DclEtpsSccd>9150000071093924XF</DclEtpsSccd>
              <InputCode>5003980029</InputCode>
              <InputSccd>9150000071093924XF</InputSccd>
              <InputName>重庆安捷国际运输代理有限公司</InputName>
              <EtpsPreentNo>002</EtpsPreentNo>
              <Rmk></Rmk>
            </PassportHead>
            <PassportList>
              <PassportNo>BSHF2020040200007</PassportNo>
              <PassportSeqNo>1</PassportSeqNo>
              <GdsMtno>595000</GdsMtno>
              <Gdecd>7003190001</Gdecd>
              <GdsNm>液晶显示屏用原板玻璃</GdsNm>
              <GrossWt>18790.00000</GrossWt>
              <NetWt>15078.00000</NetWt>
              <RltGdsSeqno>1</RltGdsSeqno>
              <DclUnitcd>007</DclUnitcd>
              <DclQty>2560.00000</DclQty>
              <Rmk></Rmk>
            </PassportList>
            <PassportAcmp>
              <PassPortNo></PassPortNo>
              <RtlBillTypecd>1</RtlBillTypecd>
              <RtlBillNo>QD802220I000000162</RtlBillNo>
            </PassportAcmp>
            <OperCusRegCode>5003980029</OperCusRegCode>
          </PassPortMessage>
          <DelcareFlag>0</DelcareFlag>
        </BussinessData>
      </DataInfo>
    </Package>
  </Object>
</Signature>