<JGEQ>
  <MessageHead>
    <MessageType>JGHZQD</MessageType>
    <MessageId>41b0f5d2-c501-4b62-890b-0c45811d9d11</MessageId>
    <MessageTime>2019-12-06T11:49:48.607</MessageTime>
    <SenderId>JGEQ</SenderId>
    <SenderAddress>JGEQ@ECI</SenderAddress>
    <ReceiverId>5006640002</ReceiverId>
    <ReceiverAddress>5006640002@ERP</ReceiverAddress>
    <PlatFormNo>5006640002</PlatFormNo>
    <CustomCode>8013</CustomCode>
    <SeqNo>43036</SeqNo>
    <Note>
    </Note>
  </MessageHead>
  <MessageBody>
    <DATA>
      <JG_HZQD>
        <HEAD>
          <HZ_NO>43036</HZ_NO>
          <FZXT_PRE_NO>
          </FZXT_PRE_NO>
          <GROSS_WT>53.10000</GROSS_WT>
          <NET_WT>49.00000</NET_WT>
          <PACK_NO>4.00000</PACK_NO>
          <PACK_TYPE>2</PACK_TYPE>
          <FZXT_NO>HZ801319I000202533</FZXT_NO>
          <SEQ_NO>201900000014966878</SEQ_NO>
          <BOND_INVT_NO>QD801319I000138843</BOND_INVT_NO>
          <CHG_TMS_CNT>0</CHG_TMS_CNT>
          <INVT_PREENT_NO>201900000014966878</INVT_PREENT_NO>
          <PUTREC_NO>T8013D000005</PUTREC_NO>
          <ETPS_INNER_INVT_NO>43036</ETPS_INNER_INVT_NO>
          <MASTER_CUSCD>8013</MASTER_CUSCD>
          <BIZOP_ETPS_SCCD>91500000554076154R</BIZOP_ETPS_SCCD>
          <BIZOP_ETPSNO>5006640002</BIZOP_ETPSNO>
          <BIZOP_ETPS_NM>英业达（重庆）有限公司</BIZOP_ETPS_NM>
          <RVSNGD_ETPS_SCCD>91500000554076154R</RVSNGD_ETPS_SCCD>
          <RCVGD_ETPSNO>5006640002</RCVGD_ETPSNO>
          <RCVGD_ETPS_NM>英业达（重庆）有限公司</RCVGD_ETPS_NM>
          <DCL_ETPS_SCCD>915001063051885348</DCL_ETPS_SCCD>
          <DCL_ETPSNO>5006980016</DCL_ETPSNO>
          <DCL_ETPS_NM>重庆嘉宏国际物流有限公司</DCL_ETPS_NM>
          <INVT_DCL_TIME>2019-12-05T18:23:08</INVT_DCL_TIME>
          <ENTRY_DCL_TIME>2019-12-05T18:33:27</ENTRY_DCL_TIME>
          <ENTRY_NO>
          </ENTRY_NO>
          <RLT_INVT_NO>
          </RLT_INVT_NO>
          <RLT_PUTREC_NO>
          </RLT_PUTREC_NO>
          <RLT_ENTRY_NO>801320190139272708</RLT_ENTRY_NO>
          <RLT_ENTRY_BIZOP_ETPS_SCCD>91500227MA5YQTXE22</RLT_ENTRY_BIZOP_ETPS_SCCD>
          <RLT_ENTRY_BIZOP_ETPSNO>502796057T</RLT_ENTRY_BIZOP_ETPSNO>
          <RLT_ENTRY_BIZOP_ETPS_NM>重庆源溢康贸易有限公司</RLT_ENTRY_BIZOP_ETPS_NM>
          <IMPEXP_PORTCD>8013</IMPEXP_PORTCD>
          <DCL_PLC_CUSCD>8013</DCL_PLC_CUSCD>
          <IMPEXP_MARKCD>I</IMPEXP_MARKCD>
          <MTPCK_ENDPRD_MARKCD>I</MTPCK_ENDPRD_MARKCD>
          <SUPV_MODECD>5300</SUPV_MODECD>
          <TRSP_MODECD>9</TRSP_MODECD>
          <APPLY_NO>
          </APPLY_NO>
          <DCLCUS_FLAG>1</DCLCUS_FLAG>
          <DCLCUS_TYPECD>1</DCLCUS_TYPECD>
          <PREVD_TIME>2019-12-05T18:30:50</PREVD_TIME>
          <FORMAL_VRFDED_TIME>2019-12-06T11:48:21</FORMAL_VRFDED_TIME>
          <INVT_IOCHKPT_STUCD>3</INVT_IOCHKPT_STUCD>
          <VRFDED_MARKCD>2</VRFDED_MARKCD>
          <INVT_STUCD>0</INVT_STUCD>
          <VRFDED_MODECD>D</VRFDED_MODECD>
          <DU_CODE>I7</DU_CODE>
          <RMK>43036/G2INVT191205003707 合同号：YYK20191205</RMK>
          <BOND_INVT_TYPECD>0</BOND_INVT_TYPECD>
          <ENTRY_STUCD>1</ENTRY_STUCD>
          <PASSPORT_USED_TYPECD>3</PASSPORT_USED_TYPECD>
          <PARAM1>
          </PARAM1>
          <PARAM2>
          </PARAM2>
          <PARAM3>
          </PARAM3>
          <PARAM4>
          </PARAM4>
          <RLT_ENTRY_DCL_ETPS_SCCD>915001063051885348</RLT_ENTRY_DCL_ETPS_SCCD>
          <RLT_ENTRY_DCL_ETPSNO>5006980016</RLT_ENTRY_DCL_ETPSNO>
          <RLT_ENTRY_DCL_ETPS_NM>重庆嘉宏国际物流有限公司</RLT_ENTRY_DCL_ETPS_NM>
          <LIST_TYPE>
          </LIST_TYPE>
          <INPUT_CODE>5006640002</INPUT_CODE>
          <INPUT_CREDIT_CODE>91500000554076154R</INPUT_CREDIT_CODE>
          <INPUT_NAME>英业达（重庆）有限公司</INPUT_NAME>
          <IC_CARD_NO>
          </IC_CARD_NO>
          <INPUT_TIME>2019-12-05T14:32:21.56</INPUT_TIME>
          <LIST_STAT>
          </LIST_STAT>
          <CORR_ENTRY_DCL_ETPS_SCCD>
          </CORR_ENTRY_DCL_ETPS_SCCD>
          <CORR_ENTRY_DCL_ETPSNO>
          </CORR_ENTRY_DCL_ETPSNO>
          <CORR_ENTRY_DCL_ETPS_NM>
          </CORR_ENTRY_DCL_ETPS_NM>
          <DEC_TYPE>2</DEC_TYPE>
          <STSHIP_TRSARV_NATCD>142</STSHIP_TRSARV_NATCD>
          <NK_STATUS>NK1888</NK_STATUS>
          <OP_COM_TYPE>QNJG</OP_COM_TYPE>
          <SYS_FLAG>ERP</SYS_FLAG>
          <GSYX_CODE>CQ</GSYX_CODE>
          <GSYX_NAME>
          </GSYX_NAME>
          <ERP_NO>43036</ERP_NO>
          <AREAOUT_ETPSNO>
          </AREAOUT_ETPSNO>
          <AREAOUT_ETPS_NM>
          </AREAOUT_ETPS_NM>
          <AREAOUT_ETPS_SCCD>
          </AREAOUT_ETPS_SCCD>
          <AGENT_ETPSNO>5006640002</AGENT_ETPSNO>
          <AGENT_ETPS_NM>英业达（重庆）有限公司</AGENT_ETPS_NM>
          <AGENT_ETPS_SCCD>91500000554076154R</AGENT_ETPS_SCCD>
          <CREATE_USER>ICC142627</CREATE_USER>
          <CREATE_DATE>2019-12-05T14:31:42</CREATE_DATE>
          <UPDATE_USER>嘉宏报关行</UPDATE_USER>
          <UPDATE_DATE>2019-12-05T18:23:08</UPDATE_DATE>
          <RLT_ENTRY_RVSNGD_ETPS_SCCD>91500227MA5YQTXE22</RLT_ENTRY_RVSNGD_ETPS_SCCD>
          <RLT_ENTRY_RCVGD_ETPSNO>502796057T</RLT_ENTRY_RCVGD_ETPSNO>
          <RLT_ENTRY_RCVGD_ETPS_NM>重庆源溢康贸易有限公司</RLT_ENTRY_RCVGD_ETPS_NM>
          <ADD_TIME>2019-12-05T14:32:21.56</ADD_TIME>
          <JB_BTACH_NO>
          </JB_BTACH_NO>
          <INV_TYPE>
          </INV_TYPE>
          <NEED_ENTRY_MODIFIED>
          </NEED_ENTRY_MODIFIED>
          <LEVY_BL_AMT>
          </LEVY_BL_AMT>
          <DCL_TYPECD>1</DCL_TYPECD>
          <REL_BGCD_NO>
          </REL_BGCD_NO>
          <HD_PO_NO>
          </HD_PO_NO>
          <K_STATUS>1</K_STATUS>
          <K_DATE>
          </K_DATE>
          <BGCD_BIZ_TYPE>
          </BGCD_BIZ_TYPE>
        </HEAD>
        <LIST>
          <GUID_L>995d5f71-d484-4bcc-bf69-5cd996b961da</GUID_L>
          <HZ_NO>43036</HZ_NO>
          <SEQ_NO>201900000014966878</SEQ_NO>
          <BOND_INVT_NO>QD801319I000138843</BOND_INVT_NO>
          <CHG_TMS_CNT>0</CHG_TMS_CNT>
          <GDS_SEQNO>1</GDS_SEQNO>
          <GUID_LZC>
          </GUID_LZC>
          <PUTREC_SEQNO>1070</PUTREC_SEQNO>
          <GDS_MTNO>450</GDS_MTNO>
          <GDECD>8528722200</GDECD>
          <GDS_NM>数字液晶电视</GDS_NM>
          <GDS_SPCF_MODEL_DESC>彩色的液晶显示器的数字电视接收机</GDS_SPCF_MODEL_DESC>
          <DCL_UNITCD>001</DCL_UNITCD>
          <LAWF_UNITCD>001</LAWF_UNITCD>
          <SECD_LAWF_UNITCD>
          </SECD_LAWF_UNITCD>
          <NATCD>142</NATCD>
          <DCL_UPRC_AMT>6270.00000</DCL_UPRC_AMT>
          <DCL_TOTAL_AMT>6270.00000</DCL_TOTAL_AMT>
          <USD_STAT_TOTAL_AMT>894.20691</USD_STAT_TOTAL_AMT>
          <DCL_CURRCD>142</DCL_CURRCD>
          <LAWF_QTY>1.00000</LAWF_QTY>
          <SECD_LAWF_QTY>
          </SECD_LAWF_QTY>
          <WT_SF_VAL>
          </WT_SF_VAL>
          <FST_SF_VAL>
          </FST_SF_VAL>
          <SECD_SF_VAL>
          </SECD_SF_VAL>
          <DCL_QTY>1.00000</DCL_QTY>
          <GROSS_WT>
          </GROSS_WT>
          <NET_WT>
          </NET_WT>
          <USE_CD>
          </USE_CD>
          <LVYRLF_MODECD>3</LVYRLF_MODECD>
          <UCNS_VERNO>
          </UCNS_VERNO>
          <ENTRY_GDS_SEQNO>1</ENTRY_GDS_SEQNO>
          <APPLY_TB_SEQNO>
          </APPLY_TB_SEQNO>
          <CLY_MARKCD>
          </CLY_MARKCD>
          <RMK>
          </RMK>
          <ACTL_PASS_QTY>1.00000</ACTL_PASS_QTY>
          <PASSPORT_USED_QTY>1.00000</PASSPORT_USED_QTY>
          <PARAM1>
          </PARAM1>
          <PARAM2>
          </PARAM2>
          <PARAM3>
          </PARAM3>
          <PARAM4>
          </PARAM4>
          <ADD_TIME>
          </ADD_TIME>
          <CREATE_USER>
          </CREATE_USER>
          <CREATE_DATE>2019-12-05T14:32:21.563</CREATE_DATE>
          <UPDATE_USER>嘉宏报关行</UPDATE_USER>
          <UPDATE_DATE>2019-12-05T15:17:56</UPDATE_DATE>
          <DESTINATION_NATCD>142</DESTINATION_NATCD>
          <MODF_MARKCD>3</MODF_MARKCD>
          <DN_NO>
          </DN_NO>
        </LIST>
        <LIST>
          <GUID_L>52db35c4-06dd-4480-96df-f5522847523e</GUID_L>
          <HZ_NO>43036</HZ_NO>
          <SEQ_NO>201900000014966878</SEQ_NO>
          <BOND_INVT_NO>QD801319I000138843</BOND_INVT_NO>
          <CHG_TMS_CNT>0</CHG_TMS_CNT>
          <GDS_SEQNO>2</GDS_SEQNO>
          <GUID_LZC>
          </GUID_LZC>
          <PUTREC_SEQNO>1071</PUTREC_SEQNO>
          <GDS_MTNO>527</GDS_MTNO>
          <GDECD>8525801302</GDECD>
          <GDS_NM>高清摄像头</GDS_NM>
          <GDS_SPCF_MODEL_DESC>高清摄像头</GDS_SPCF_MODEL_DESC>
          <DCL_UNITCD>001</DCL_UNITCD>
          <LAWF_UNITCD>001</LAWF_UNITCD>
          <SECD_LAWF_UNITCD>
          </SECD_LAWF_UNITCD>
          <NATCD>142</NATCD>
          <DCL_UPRC_AMT>10290.00000</DCL_UPRC_AMT>
          <DCL_TOTAL_AMT>10290.00000</DCL_TOTAL_AMT>
          <USD_STAT_TOTAL_AMT>1467.52617</USD_STAT_TOTAL_AMT>
          <DCL_CURRCD>142</DCL_CURRCD>
          <LAWF_QTY>1.00000</LAWF_QTY>
          <SECD_LAWF_QTY>
          </SECD_LAWF_QTY>
          <WT_SF_VAL>
          </WT_SF_VAL>
          <FST_SF_VAL>
          </FST_SF_VAL>
          <SECD_SF_VAL>
          </SECD_SF_VAL>
          <DCL_QTY>1.00000</DCL_QTY>
          <GROSS_WT>
          </GROSS_WT>
          <NET_WT>
          </NET_WT>
          <USE_CD>
          </USE_CD>
          <LVYRLF_MODECD>3</LVYRLF_MODECD>
          <UCNS_VERNO>
          </UCNS_VERNO>
          <ENTRY_GDS_SEQNO>2</ENTRY_GDS_SEQNO>
          <APPLY_TB_SEQNO>
          </APPLY_TB_SEQNO>
          <CLY_MARKCD>
          </CLY_MARKCD>
          <RMK>
          </RMK>
          <ACTL_PASS_QTY>1.00000</ACTL_PASS_QTY>
          <PASSPORT_USED_QTY>1.00000</PASSPORT_USED_QTY>
          <PARAM1>
          </PARAM1>
          <PARAM2>
          </PARAM2>
          <PARAM3>
          </PARAM3>
          <PARAM4>
          </PARAM4>
          <ADD_TIME>
          </ADD_TIME>
          <CREATE_USER>
          </CREATE_USER>
          <CREATE_DATE>2019-12-05T14:32:21.563</CREATE_DATE>
          <UPDATE_USER>嘉宏报关行</UPDATE_USER>
          <UPDATE_DATE>2019-12-05T15:18:04</UPDATE_DATE>
          <DESTINATION_NATCD>142</DESTINATION_NATCD>
          <MODF_MARKCD>3</MODF_MARKCD>
          <DN_NO>
          </DN_NO>
        </LIST>
        <LIST>
          <GUID_L>83054ef1-024c-4960-a07c-10add4afe429</GUID_L>
          <HZ_NO>43036</HZ_NO>
          <SEQ_NO>201900000014966878</SEQ_NO>
          <BOND_INVT_NO>QD801319I000138843</BOND_INVT_NO>
          <CHG_TMS_CNT>0</CHG_TMS_CNT>
          <GDS_SEQNO>3</GDS_SEQNO>
          <GUID_LZC>
          </GUID_LZC>
          <PUTREC_SEQNO>1072</PUTREC_SEQNO>
          <GDS_MTNO>267</GDS_MTNO>
          <GDECD>8528521100</GDECD>
          <GDS_NM>液晶显示器</GDS_NM>
          <GDS_SPCF_MODEL_DESC>专用或主要用于笔记本电脑等的液晶监视器</GDS_SPCF_MODEL_DESC>
          <DCL_UNITCD>001</DCL_UNITCD>
          <LAWF_UNITCD>001</LAWF_UNITCD>
          <SECD_LAWF_UNITCD>035</SECD_LAWF_UNITCD>
          <NATCD>142</NATCD>
          <DCL_UPRC_AMT>3860.00000</DCL_UPRC_AMT>
          <DCL_TOTAL_AMT>3860.00000</DCL_TOTAL_AMT>
          <USD_STAT_TOTAL_AMT>550.50058</USD_STAT_TOTAL_AMT>
          <DCL_CURRCD>142</DCL_CURRCD>
          <LAWF_QTY>1.00000</LAWF_QTY>
          <SECD_LAWF_QTY>8.50000</SECD_LAWF_QTY>
          <WT_SF_VAL>
          </WT_SF_VAL>
          <FST_SF_VAL>
          </FST_SF_VAL>
          <SECD_SF_VAL>
          </SECD_SF_VAL>
          <DCL_QTY>1.00000</DCL_QTY>
          <GROSS_WT>
          </GROSS_WT>
          <NET_WT>
          </NET_WT>
          <USE_CD>
          </USE_CD>
          <LVYRLF_MODECD>3</LVYRLF_MODECD>
          <UCNS_VERNO>
          </UCNS_VERNO>
          <ENTRY_GDS_SEQNO>3</ENTRY_GDS_SEQNO>
          <APPLY_TB_SEQNO>
          </APPLY_TB_SEQNO>
          <CLY_MARKCD>
          </CLY_MARKCD>
          <RMK>
          </RMK>
          <ACTL_PASS_QTY>1.00000</ACTL_PASS_QTY>
          <PASSPORT_USED_QTY>1.00000</PASSPORT_USED_QTY>
          <PARAM1>
          </PARAM1>
          <PARAM2>
          </PARAM2>
          <PARAM3>
          </PARAM3>
          <PARAM4>
          </PARAM4>
          <ADD_TIME>
          </ADD_TIME>
          <CREATE_USER>
          </CREATE_USER>
          <CREATE_DATE>2019-12-05T14:32:21.563</CREATE_DATE>
          <UPDATE_USER>嘉宏报关行</UPDATE_USER>
          <UPDATE_DATE>2019-12-05T15:18:20</UPDATE_DATE>
          <DESTINATION_NATCD>142</DESTINATION_NATCD>
          <MODF_MARKCD>3</MODF_MARKCD>
          <DN_NO>
          </DN_NO>
        </LIST>
        <LIST>
          <GUID_L>73743c10-69da-491e-a3b5-78c94ea0d9ec</GUID_L>
          <HZ_NO>43036</HZ_NO>
          <SEQ_NO>201900000014966878</SEQ_NO>
          <BOND_INVT_NO>QD801319I000138843</BOND_INVT_NO>
          <CHG_TMS_CNT>0</CHG_TMS_CNT>
          <GDS_SEQNO>4</GDS_SEQNO>
          <GUID_LZC>
          </GUID_LZC>
          <PUTREC_SEQNO>1073</PUTREC_SEQNO>
          <GDS_MTNO>267</GDS_MTNO>
          <GDECD>8528521100</GDECD>
          <GDS_NM>液晶显示器</GDS_NM>
          <GDS_SPCF_MODEL_DESC>专用或主要用于笔记本电脑等的液晶监视器</GDS_SPCF_MODEL_DESC>
          <DCL_UNITCD>001</DCL_UNITCD>
          <LAWF_UNITCD>001</LAWF_UNITCD>
          <SECD_LAWF_UNITCD>035</SECD_LAWF_UNITCD>
          <NATCD>142</NATCD>
          <DCL_UPRC_AMT>4300.00000</DCL_UPRC_AMT>
          <DCL_TOTAL_AMT>4300.00000</DCL_TOTAL_AMT>
          <USD_STAT_TOTAL_AMT>613.25195</USD_STAT_TOTAL_AMT>
          <DCL_CURRCD>142</DCL_CURRCD>
          <LAWF_QTY>1.00000</LAWF_QTY>
          <SECD_LAWF_QTY>10.00000</SECD_LAWF_QTY>
          <WT_SF_VAL>
          </WT_SF_VAL>
          <FST_SF_VAL>
          </FST_SF_VAL>
          <SECD_SF_VAL>
          </SECD_SF_VAL>
          <DCL_QTY>1.00000</DCL_QTY>
          <GROSS_WT>
          </GROSS_WT>
          <NET_WT>
          </NET_WT>
          <USE_CD>
          </USE_CD>
          <LVYRLF_MODECD>3</LVYRLF_MODECD>
          <UCNS_VERNO>
          </UCNS_VERNO>
          <ENTRY_GDS_SEQNO>4</ENTRY_GDS_SEQNO>
          <APPLY_TB_SEQNO>
          </APPLY_TB_SEQNO>
          <CLY_MARKCD>
          </CLY_MARKCD>
          <RMK>
          </RMK>
          <ACTL_PASS_QTY>1.00000</ACTL_PASS_QTY>
          <PASSPORT_USED_QTY>1.00000</PASSPORT_USED_QTY>
          <PARAM1>
          </PARAM1>
          <PARAM2>
          </PARAM2>
          <PARAM3>
          </PARAM3>
          <PARAM4>
          </PARAM4>
          <ADD_TIME>
          </ADD_TIME>
          <CREATE_USER>
          </CREATE_USER>
          <CREATE_DATE>2019-12-05T14:32:21.563</CREATE_DATE>
          <UPDATE_USER>嘉宏报关行</UPDATE_USER>
          <UPDATE_DATE>2019-12-05T15:18:33</UPDATE_DATE>
          <DESTINATION_NATCD>142</DESTINATION_NATCD>
          <MODF_MARKCD>3</MODF_MARKCD>
          <DN_NO>
          </DN_NO>
        </LIST>
      </JG_HZQD>
    </DATA>
  </MessageBody>
</JGEQ>