﻿序号,商品品名,税号,附加码,申报要素
1,塑料泡棉,3919909090,999,"0|0|缓冲保护用|片状|不成卷|不是单面自粘|聚氨酯59%,聚对苯二甲酸乙二酯21%,丙烯酸胶20%|43mm*29.78mm|非半导体晶圆制造用|无品牌|无型号|||"
2,自粘塑胶片,3919909090,999,"0|0|绝缘衬垫用|片状|不成卷|是单面自粘|聚亚醯胺40%,硅胶60%|17.2mm*10.24mm*0.05mm|不为半导体晶圆制造用|无品牌|无型号|||"
3,自粘塑胶片,3919909090,999,0|0|粘接用|片状|不成卷|单面自粘|聚酯50%+丙烯酸50%|14.00mm*7.39mm|非半导体晶圆制造用|无品牌|无型号|||
4,自粘塑胶片,3919909090,999,0|0|保护产品用|片状|不成卷|单面自粘|40%聚酯+60%丙烯酸胶|28.00mm*17.50mm|非半导体晶圆制造用|无品牌|无型号|||
5,塑料泡棉,3919909090,999,0|0|缓冲防震用|片状|不成卷|双面自粘|聚氨酯85%+聚酯10%+丙烯酸胶5%|10mm*8mm|非半导体晶圆制造用|无品牌|无型号|||
