﻿,,卖,方:TLG Investment(HK) Limited,,,,,,,,,,,,,,,,,,,,
,,Sellers﹕TLG Investment(HK) Limited,,,,,,,,,,,,,,,,,,,,,
,,地,"址﹕Room 1,12/F,Sunwise Industrial Building,16-26 Wang Wo Tsai",,,,,,,,,,,,,,,,,,,,
,,"Street,Tsuen Wan,New Territoire",,,,,,,,,,,,,,,,,,,,,
,,TEL:86-755-89748186,,,,,,,,,,,,,,,,,,,,,
,,,,,,,,,PACKING LIST&INVOICE,,,,,,,,,,,,,,
,,,,,,,,出口账册,28账册-非保税-逐单,,,,,INVOICE:,,LYHK191012004-N,,,,,,,
,,买,方：鸿富锦精密电子(成都)有限公司,,,,,客服责任人,马文静,,,,,,Date: 2019/10/12,,,,,,,,
,,地 址：成都高新区西区出口加工区,,,,,,费用归属,华西销售-刘纯兵,,,,,FOB成都,,,,,,,,,
,,结汇方式：先出后结,,,,,,归属原因,正常销售,,,,,,,,,,,,,,
,,,,,,,,,,,,UNIT PRICE,AMOUNT,NET WEIGHT,,,"GROSS
WEIGHT",Ctns/箱,Plts,栈板 编,,,
Item,,,,DESCRIPTION,,,H.H P/N,LS P/N,,QUANTITY,,(USD),(USD),(KGS),,,(KGS),数,板数,,号,BU,ORIGIN
,1,塑料泡棉,,,,875-06851-T,,800-AMG687-A0-0B,,,"96,000",0.08530,8188.80,34.51200,,,,20,1,,1#,F﻿ATP,China
,2,塑料泡棉,,,,875-06851-T,,800-AMG687-A0-0B,,,"48,000",0.08530,4094.40,17.25600,,,,10,,,,FATP,China
,3,自粘塑胶片,,,,875-07911-T,,800-AMG826-01-0B,,,"50,000",0.01800,900.00,1.37500,,235.50000,,5,,,,FATP,China
,,,,,,,,,,,,,,,,,,,1,,2#,,
,4,自粘塑胶片,,,,946-02145-T,,800-BSJ925-A0-0,,,"252,000",0.00720,1814.40,6.30000,,,,8,,,,FATP,China
,5,自粘塑胶片,,,,946-05894-T01 800-CYE885-A0-N,,,,,"10,000",0.01100,110.00,1.68600,,,,2,,,,FATP,China
,6,塑料泡棉,,,,875-03702-T01 800-RLB699-A0-0,,,,,"70,560",0.04900,3457.44,12.27744,,,25.90000,14,0,,散箱,FATP,China
,Total,,,,,,,,,,"526,560",,"18,565.04",73.40644,,,261.40000,59,2,,,,
,Total:,,,,45,,Cartons,2,,Plts,,,14,Cartons,,,,,,,,,
,,,包装方式：,,,,其他,,,栈板,,,,,,,,,,,,,
,,卖,方:成都领益科技有限公司,,,,,,,,,,,,,,,,,,,,
,,"Sellers﹕Chengdu Lingyi Technology Co.,Ltd",,,,,,,,,,,,,,,,,,,,,
,,地址：中国.成都崇州市泗潍路南段,,,,,,,,,,,,,,,,,,,,,
,,TEL:+86 028 8228-5066 Ext:802,,,,,,,,,,,,,,,,,,,,,
,,,,,,,﻿,PACKING LIST&INVOICE,,,,,,,,,,,,,,,
,,,,,,,,,,,,,,,INVOICE: LYHK191012004-N,,,,,,,,
,,买方：TLG Investment(HK) Limited,,,,,,,,,,,,,Date:,2019/10/12,,,,,,,
,,"地址：Room 1,12/F,Sunwise Industrial Building,16-26 Wang Wo Tsai Street,Tsuen Wan,New Territoire HONG KONG",,,,,,,,,,,,,FOB 成都,,,,,,,,
,,结汇方式：先出后结,,,,,,,,,,,,,,,,,,,,,
,,,,,,,,,,,UNIT PRICE,,AMOUNT,NET WEIGHT,"GROSS
WEIGHT",,Plts,,,,,,
Item,,DESCRIPTION,,规格尺寸,,H.H P/N,LS P/N,草单序号,QUANTITY,,(USD),,(USD),(KGS),(KGS),Ctns/箱数,板数,BU,ORIGIN,,,,
1,,塑料泡棉,,43mm*29.78mm,,875-06851-T,800-AMG687-A0-0B,1,"96,000",,0.08445,,"8,107.20",34.51200,,20,1,FATP,China,,,,
2,,塑料泡棉,,43mm*29.78mm,,875-06851-T,800-AMG687-A0-0B,1,"48,000",,0.08445,,"4,053.60",17.25600,,10,,FATP,China,,,,
3,,自粘塑胶片,,"17.2mm*10.24mm*0.
05mm",,875-07911-T,800-AMG826-01-0B,"2
3
4
5","50,000",,0.01782,,891.00,1.37500,235.50000,5,1,FATP,China,,,,
4,,自粘塑胶片,,14.00mm*7.39mm,,946-02145-T,800-BSJ925-A0-0,,,"252,000",0.007﻿13,,"1,796.76",6.30000,,8,,FATP,China,,,,
5,,自粘塑胶片,,,,28.00mm*17.50mm 946-05894-T01 800-CYE885-A0-N,,,,"10,000",0.01089,,108.90,1.68600,,2,,FATP,China,,,,
6,,塑料泡棉,,,,10mm*8mm,875-03702-T01 800-RLB699-A0-0,,,"70,560",0.04851,,"3,422.87",12.27744,25.90000,14,,0 FATP,China,,,,
Total,,,,,,,,,,"526,560",,,"18,380.33",73.40644,261.40000,59,,2,,,,,
Total:,,45,,,,Cartons,2,,,Plts,,,14,Cartons,,,,,,,,,
,,包装方式：,,,,其他,,,,栈板,纸箱,其他,,,,,,,,,,,
汇总,,,,,,,,,,,,,,,,,,,,,,,
,10mm*8mm43mm*29.78mm,,,塑料泡棉,,10mm*8mm,43mm*29.78mm,,,"214,560",,,"15,583.67",64.04544,,,,,,,,,
14.00mm*7.39mm28.00mm*17.50m自m粘塑胶片,,,,,14.00mm*7.39mm28.00mm*17.50mm,,,,,"312,000",,,"2,796.66",9.36100,,,,,,,,,
,,,,,,,,,,"526,560",,,"18,380.33",73.40644,,,,,,,,,
,,,,,,,,,,TRUE,,,TRUE,TRUE,,,,,,,,,
"Issue To:
Supplier:
Order Date:
Order No.:
Currency:
Incoterms:","TLG Investment(HK) Limited
Chengdu Lingyi Technology
#REF!
#REF!
USD
FOB","Co.,Ltd","TLG Investment(HK) Limited
Purchase Order",,,,,,,﻿,,,,,,,,,,,,,
Item,PART,,,规格尺寸,,REV,QTY,U/P(US$),Amount (US$),,Unit,Del.Date,,,,,,,,,,,
1,塑料泡棉,,,10mm*8mm43mm*29.78mm,,,"2 14,560 0.072631",,,"15,583.67 PCS",,2019/10/12,,,,,,,,,,,
2,自粘塑胶片,,,14.00mm*7.39mm28.00mm*17.50mm,,,"3 12,000 0.008964",,,"2,796.66 PCS",,2019/10/12,,,,,,,,,,,
,,,,,Total:,,"526,560",,,"1 8,380.33",,,,,,,,,,,,,
,,,Total:Say the total amount is USD dollar USD,,,,,,,"18,380.33",only,,,,,,,,,,,,
1.Shipment:,,Partial shipment,,,,,,,,,,,,,,,,,,,,,
2.Payment Terms:,,T/T 90 days,,,,,,,,,,,,,,,,,,,,,
3.Paying Agent:,,TLG Investment(HK) Limited,,,,,,,,,,,,,,,,,,,,,
4.Manufacturer:,,"Chengdu Lingyi Technology Co.,Ltd",,,,,,,,,,,,,,,,,,,,,
5.Packing:,,Standard export packing,,,,,,,,,,,,,,,,,,,,,
,,Buyer:,,,,,,Sellers Acknowledgement:,,,,,,,,,,,,,,,
