﻿,,,,中华人民共和国海关出口货物报关单,,,,,,,,,
预录入编号：,,,10位海关代码：,海关编号:,,,,,,,,,
境内发货人,91510184099876749C,出境关别,出口日期,,,,,申报日期,,备案号,,,
成都领益科技有限公司(5101969645),,成都综保,,,,,,,,,,,
境外收货人,AEO：,运输方式,Y,运输工具名称及航次号,,,,提运单号,,货物存放地点,,,
,,保税港区,,,,,,,,四川省成都市高新西区合作路888号D32栋,,,
生产销售单位,91510184099876749C,监管方式,,征免性质,,,,许可证号,,,,,
成都领益科技有限公司(5101969645),,一般贸易,,一般征税,,,,,,,,,
合同协议号,,贸易国(地区) 110,,运抵国(地区),CHN,,,指运港,CHN,离境口岸,,,
LYHK191012004-N,,香港,,中国,,,,中国境内,,510001,,,
包装种类,99,件数,毛重（千克）,净重（千克）,,成交方式,,运费,保费,,杂费,,
其他包装（2再生木托+14纸箱）,,16,261.400,73.40644,,FOB,,,,,,,
随附单证及编号,,,,,,,,,,,,,
境外收货人完整显﻿示：0,,,,,,,,,,,,,
标记唛码及备注：,,,,,,,,,,,,,
备注：,,,,,,,,,,,,,
,,,,,,,,,报关联系电话：,,,净重合计：,
特殊关系确认:,价格影响确认：,,,支付特许权使用费:,,,自报自缴:,出口不填,原产国/目的国/货源地未注明的项默认与提供的相同,,,73.40644,
项号,商品编号,附加码,商品名称,数量,单位,单价,总价,币制,原产国,最终目的国（地区）,境内货源地,征免,净重(KG)
1,3919909090,999,塑料泡棉,144000,个,0.0845,12160.8,美元,中国,中国,51019,照章征税,51.768
2,3919909090,999,自粘塑胶片,50000,个,0.0178,891,美元,中国,中国,51019,照章征税,1.375
3,3919909090,999,自粘塑胶片,252000,个,0.0071,1796.76,美元,中国,中国,51019,照章征税,6.3
4,3919909090,999,自粘塑胶片,10000,个,0.0109,108.9,美元,中国,中国,51019,照章征税,1.686
5,3919909090,999,塑料泡棉,70560,个,0.0485,3422.87,美元,中国,中国,51019,照章征税,12.27744
