<?xml version="1.0" encoding="UTF-8" standalone="yes"?>
<CommonResponeMessage>
    <SeqNo></SeqNo>
    <EtpsPreentNo>BSHZ2020060900009</EtpsPreentNo>
    <CheckInfo>关联报关单境内收发货人编号不可为空。
关联报关单境内收发货人名称不可为空。
关联报关单海关收发货单位编码不可为空。
关联报关单收发货单位名称不可为空。
关联报关单申报单位名称不可为空。
关联报关单申报单位编号不可为空。
</CheckInfo>
    <DealFlag>-1</DealFlag>
</CommonResponeMessage>
