<?xml version="1.0" encoding="UTF-8"?>
<DecMessage xmlns="http://www.chinaport.gov.cn/dec" Version="3.1">
  <DecHead>
    <SeqNo></SeqNo>
    <IEFlag>I</IEFlag>
    <AgentCode>5003980029</AgentCode>
    <AgentName>重庆安捷国际运输代理有限公司</AgentName>
    <BillNo></BillNo>
    <ContrNo></ContrNo>
    <CustomMaster>8003</CustomMaster>
    <CutMode>299</CutMode>
    <DistinatePort>CHN000</DistinatePort>
    <FeeCurr></FeeCurr>
    <FeeMark></FeeMark>
    <FeeRate></FeeRate>
    <GrossWet>295409</GrossWet>
    <IEDate>20200305</IEDate>
    <IEPort>8003</IEPort>
    <InsurCurr></InsurCurr>
    <InsurMark></InsurMark>
    <InsurRate></InsurRate>
    <LicenseNo></LicenseNo>
    <ManualNo></ManualNo>
    <NetWt>295409</NetWt>
    <NoteS>自报自缴/2020年2月份/国际航线用油/中国国际航空股份有限公司/签约日期：无/用途:飞机用油100%航煤</NoteS>
    <OtherCurr></OtherCurr>
    <OtherMark></OtherMark>
    <OtherRate></OtherRate>
    <OwnerCode>501221J001</OwnerCode>
    <OwnerName>中国航空油料有限责任公司重庆分公司</OwnerName>
    <PackNo>1</PackNo>
    <TradeCode>1111919005</TradeCode>
    <TradeCountry>CHN</TradeCountry>
    <TradeMode>1139</TradeMode>
    <TradeName>中国航空油料有限责任公司</TradeName>
    <TrafMode>8</TrafMode>
    <TrafName></TrafName>
    <TransMode>1</TransMode>
    <WrapType>00</WrapType>
    <EntryId></EntryId>
    <EdiId>1</EdiId>
    <CopName>重庆安捷国际运输代理有限公司</CopName>
    <CopCode>9150000071093924XF</CopCode>
    <EntryType>M</EntryType>
    <TypistNo>8930000052633</TypistNo>
    <InputerName>吴芳</InputerName>
    <DeclTrnRel>0</DeclTrnRel>
    <CopCodeScc>5003980029</CopCodeScc>
    <OwnerCodeScc>915001124505316426</OwnerCodeScc>
    <AgentCodeScc>9150000071093924XF</AgentCodeScc>
    <TradeCoScc>911100001000104687</TradeCoScc>
    <PromiseItmes>000</PromiseItmes>
    <TradeAreaCode>CHN</TradeAreaCode>
    <MarkNo>N/M</MarkNo>
    <DespPortCode>CHN000</DespPortCode>
    <EntyPortCode>500601</EntyPortCode>
    <GoodsPlace>仓库</GoodsPlace>
    <BLNo></BLNo>
    <InspOrgCode></InspOrgCode>
    <PurpOrgCode></PurpOrgCode>
    <DespDate></DespDate>
    <CorrelationReasonFlag></CorrelationReasonFlag>
    <VsaOrgCode></VsaOrgCode>
    <OrgCode></OrgCode>
    <OverseasConsignorEname>NO</OverseasConsignorEname>
    <OverseasConsignorAddr></OverseasConsignorAddr>
    <CorrelationNo></CorrelationNo>
    <TradeCiqCode>1100613839</TradeCiqCode>
    <OwnerCiqCode></OwnerCiqCode>
    <DeclCiqCode>5000910006</DeclCiqCode>
  </DecHead>
  <DecLists>
    <DecList>
      <CodeTS>2710191100</CodeTS>
      <ContrItem></ContrItem>
      <DeclPrice>4.5690</DeclPrice>
      <DutyMode>1</DutyMode>
      <GModel>0|3|在270摄氏度时馏出量大于70%|公式定价|不需要二次结算|无签约日期|2020.02.01|无|||</GModel>
      <GName>航空煤油</GName>
      <GNo>1</GNo>
      <OriginCountry>CHN</OriginCountry>
      <TradeCurr>CNY</TradeCurr>
      <DeclTotal>1349731.58</DeclTotal>
      <GQty>295409.00000</GQty>
      <FirstQty>295409.00000</FirstQty>
      <SecondQty>368079.61400</SecondQty>
      <GUnit>035</GUnit>
      <FirstUnit>035</FirstUnit>
      <SecondUnit>095</SecondUnit>
      <ExgNo></ExgNo>
      <ExgVersion></ExgVersion>
      <DestinationCountry>CHN</DestinationCountry>
      <CiqCode>301</CiqCode>
      <OrigPlaceCode></OrigPlaceCode>
      <Purpose></Purpose>
      <GoodsAttr></GoodsAttr>
      <DestCode>500112</DestCode>
      <DistrictCode>50122</DistrictCode>
      <CiqName>航空煤油，不含生物柴油(易燃液体)</CiqName>
    </DecList>
  </DecLists>
  <DecContainers></DecContainers>
  <DecLicenseDocus></DecLicenseDocus>
  <DecFreeTxt>
    <RelId></RelId>
    <RelManNo></RelManNo>
    <VoyNo></VoyNo>
  </DecFreeTxt>
  <DecSign>
    <OperType>G</OperType>
    <ICCode>8930000052633</ICCode>
    <CopCode>重庆安捷国际运输代理有限公司</CopCode>
    <OperName>吴芳</OperName>
    <ClientSeqNo>BG2020030500015</ClientSeqNo>
  </DecSign>
</DecMessage>