<?xml version="1.0" encoding="UTF-8"?>
<Signature>
  <Object>
    <Package>
      <EnvelopInfo>
        <version>1.0</version>
        <message_id>BSHZ2020070700003</message_id>
        <file_name>SAS_INV101_BSHZ2020070700003_a3d7dcc442ca4525a3dd086ad62866c7_20200707062407.zip</file_name>
        <message_type>INV101</message_type>
        <sender_id>BSHZ2020070700003</sender_id>
        <receiver_id>BSHZ2020070700003</receiver_id>
      </EnvelopInfo>
      <DataInfo>
        <BussinessData>
          <InvtMessage>
            <InvtHeadType>
              <PutrecNo>412341243414</PutrecNo>
              <EtpsInnerInvtNo>bws2020050600128</EtpsInnerInvtNo>
              <BizopEtpsSccd>456546744445654674</BizopEtpsSccd>
              <BizopEtpsno>4565467444</BizopEtpsno>
              <BizopEtpsNm>hz_001</BizopEtpsNm>
              <RvsngdEtpsSccd>45654674444511111</RvsngdEtpsSccd>
              <RcvgdEtpsno>4565467111</RcvgdEtpsno>
              <RcvgdEtpsNm>hz_00111</RcvgdEtpsNm>
              <DclEtpsSccd>123414134312341413</DclEtpsSccd>
              <DclEtpsno>1234141343</DclEtpsno>
              <DclEtpsNm>jc_test001</DclEtpsNm>
              <InputCode>4143443343</InputCode>
              <InputCreditCode>414344334341434431</InputCreditCode>
              <InputName>0215测试001</InputName>
              <InputTime>20200507</InputTime>
              <RltInvtNo>333333</RltInvtNo>
              <RltPutrecNo>3333333</RltPutrecNo>
              <RltEntryBizopEtpsSccd>424341441</RltEntryBizopEtpsSccd>
              <RltEntryBizopEtpsno>45654671231</RltEntryBizopEtpsno>
              <RltEntryBizopEtpsNm>hz_2341</RltEntryBizopEtpsNm>
              <RltEntryRvsngdEtpsSccd>121416789712345678</RltEntryRvsngdEtpsSccd>
              <RltEntryRcvgdEtpsno>1121567897</RltEntryRcvgdEtpsno>
              <RltEntryRcvgdEtpsNm>安捷32141</RltEntryRcvgdEtpsNm>
              <RltEntryDclEtpsSccd>123414134312341413</RltEntryDclEtpsSccd>
              <RltEntryDclEtpsNm>jc_test001</RltEntryDclEtpsNm>
              <RltEntryDclEtpsno>1234141343</RltEntryDclEtpsno>
              <ImpexpPortcd>1501</ImpexpPortcd>
              <DclPlcCuscd>1511</DclPlcCuscd>
              <ImpexpMarkcd>I</ImpexpMarkcd>
              <MtpckEndprdMarkcd>E</MtpckEndprdMarkcd>
              <SupvModecd>1039</SupvModecd>
              <TrspModecd>1</TrspModecd>
              <DclcusFlag>1</DclcusFlag>
              <GenDecFlag>2</GenDecFlag>
              <DclcusTypecd>1</DclcusTypecd>
              <DecType>1</DecType>
              <Rmk>撒地方备注</Rmk>
              <StshipTrsarvNatcd>138</StshipTrsarvNatcd>
              <InvtType>0</InvtType>
              <DclTypecd>1</DclTypecd>
            </InvtHeadType>
            <InvtListType>
              <GdsSeqno>1</GdsSeqno>
              <PutrecSeqno>1234124</PutrecSeqno>
              <GdsMtno>23414141414</GdsMtno>
              <Gdecd>1234141444</Gdecd>
              <GdsNm>骑单车</GdsNm>
              <GdsSpcfModelDesc>LP54+LS15</GdsSpcfModelDesc>
              <DclUnitcd>120</DclUnitcd>
              <LawfUnitcd>111</LawfUnitcd>
              <SecdLawfUnitcd>111</SecdLawfUnitcd>
              <Natcd>110</Natcd>
              <DclUprcAmt>123.0000</DclUprcAmt>
              <DclTotalAmt>15129.00</DclTotalAmt>
              <DclCurrcd>142</DclCurrcd>
              <LawfQty>12.00000</LawfQty>
              <SecdLawfQty>12.00000</SecdLawfQty>
              <DclQty>123.00000</DclQty>
              <LvyrlfModecd>3</LvyrlfModecd>
              <UcnsVerno>3241</UcnsVerno>
              <EntryGdsSeqno>1.00000</EntryGdsSeqno>
              <ApplyTbSeqno>1341</ApplyTbSeqno>
              <Rmk>23414</Rmk>
              <DestinationNatcd>101</DestinationNatcd>
              <ModfMarkcd>3</ModfMarkcd>
            </InvtListType>
            <InvtListType>
              <GdsSeqno>2</GdsSeqno>
              <PutrecSeqno>1234124</PutrecSeqno>
              <GdsMtno>23414141414</GdsMtno>
              <Gdecd>1234141444</Gdecd>
              <GdsNm>骑单车</GdsNm>
              <GdsSpcfModelDesc>LP54+LS15</GdsSpcfModelDesc>
              <DclUnitcd>120</DclUnitcd>
              <LawfUnitcd>111</LawfUnitcd>
              <SecdLawfUnitcd>111</SecdLawfUnitcd>
              <Natcd>110</Natcd>
              <DclUprcAmt>123.0000</DclUprcAmt>
              <DclTotalAmt>15129.00</DclTotalAmt>
              <DclCurrcd>142</DclCurrcd>
              <LawfQty>12.00000</LawfQty>
              <SecdLawfQty>12.00000</SecdLawfQty>
              <DclQty>123.00000</DclQty>
              <LvyrlfModecd>3</LvyrlfModecd>
              <UcnsVerno>3241</UcnsVerno>
              <EntryGdsSeqno>2.00000</EntryGdsSeqno>
              <ApplyTbSeqno>1341</ApplyTbSeqno>
              <Rmk>23414</Rmk>
              <DestinationNatcd>101</DestinationNatcd>
              <ModfMarkcd>3</ModfMarkcd>
            </InvtListType>
            <SysId>Z8</SysId>
            <OperCusRegCode>5003980029</OperCusRegCode>
            <DelcareFlag>0</DelcareFlag>
          </InvtMessage>
          <MessageHead>
            <OrderNo>BSHZ2020070700003</OrderNo>
            <BizType>INV101</BizType>
            <CustomsCode></CustomsCode>
            <TradeCode></TradeCode>
            <SenderId>BSHZ2020070700003</SenderId>
            <ReceiverId>BSHZ2020070700003</ReceiverId>
            <IcCard>8930000052633</IcCard>
          </MessageHead>
        </BussinessData>
      </DataInfo>
    </Package>
  </Object>
</Signature>