﻿<?xml version="1.0" encoding="UTF-8"?>
<TrnMessage xmlns="http://www.chinaport.gov.cn/trn">
	<TrnHead>
		<ValidTime>20131219</ValidTime>
		<ApplName>测试201611291651</ApplName>
		<ApplCode>1105910159</ApplCode>
		<TrafWay>0</TrafWay>
		<Contractor>北京市共速达交通运输有限公司</Contractor>
		<InputOpId>8800000613508</InputOpId>
		<TrnMode>22</TrnMode>
		<IEFlag>I</IEFlag>
		<RecvPort>0100</RecvPort>
		<SendPort>0200</SendPort>
		<ESealFlag>N</ESealFlag>
		<TrnType>0</TrnType>
		<CopCode>000000000</CopCode>
		<!--
    <ClientID>0100000000396</ClientID>
  -->
	</TrnHead>
	<TrnBillLists>
		<TrnBillList>
			<RecordNumber>1</RecordNumber>
			<TrafMode>0</TrafMode>
			<BillNo/>
			<IEDate>20131219</IEDate>
			<PackNo>222222225</PackNo>
			<GrossWt>111222</GrossWt>
		</TrnBillList>
		<TrnBillList>
			<RecordNumber>2</RecordNumber>
			<TrafMode>1</TrafMode>
			<IEDate/>
		</TrnBillList>
		<TrnBillList>
			<RecordNumber>3</RecordNumber>
			<TrafMode>2</TrafMode>
			<IEDate/>
		</TrnBillList>
	</TrnBillLists>
	<TrnContainers>
		<TrnContainer>
			<RecordNumber>1</RecordNumber>
			<ContaSeqno>1</ContaSeqno>
			<ContaNo>sdfsd1</ContaNo>
			<TransName/>
			<ContaModel/>
			<Conta1>fewhfwoelnf</Conta1>
			<EsealId>aaaa</EsealId>
			<SealNum>1</SealNum>
		</TrnContainer>
	</TrnContainers>
	<TrnGoods>
		<TrnGood>
			<RecordNumber>2</RecordNumber>
			<GNo>1</GNo>
			<GName>22</GName>
			<PackType>1</PackType>
			<GoodsPiece>1233333</GoodsPiece>
			<GoodsAmount>7439</GoodsAmount>
			<GoodsUnit>001</GoodsUnit>
			<GoodsPrice>45454</GoodsPrice>
			<GoodsCurr>110</GoodsCurr>
		</TrnGood>
		<TrnGood>
			<RecordNumber>2</RecordNumber>
			<GNo>2</GNo>
			<GName>366</GName>
			<PackType>1</PackType>
			<GoodsPiece>1233333</GoodsPiece>
			<GoodsAmount>7439</GoodsAmount>
			<GoodsUnit>001</GoodsUnit>
			<GoodsPrice>45454</GoodsPrice>
			<GoodsCurr>110</GoodsCurr>
		</TrnGood>
	</TrnGoods>
	<TrnContaGoods/>
	<TrnState>
		<TmpTransPreId/>
		<Extend_Field1>000000000</Extend_Field1>
	</TrnState>
	<TrnSign>
		<OperType>C</OperType>
		<IccardId>8800000613508</IccardId>
		<!--<IccardUnitCode>110108107</IccardUnitCode>
    -->
		<Sign>P1vU2VRM7IYb04ffmcPWEd76PvDdi8K6f0tUB4RLW8AhUZ/F65YxCo2StPMZ6C8l4G1IrdAEFN36BSgx/P/hpcD9SjM4rmJ78rg2AvrsIcrtcErpfaWdyATsilycmk8oymmAN3i2pM/jqqpwJxn/qtGXFCymvp+lewt9XfHrc80=</Sign>
		<SignDate>20161129</SignDate>
		<!--<CertSeqNo>5e13</CertSeqNo>
    -->
		<CopSeqNo>2016112900007</CopSeqNo>
		<!--<HostId>chlimportdeclare</HostId>
  -->
	</TrnSign>
</TrnMessage>
