﻿,,,,中华人民共和国海关出口货物报关单,,,,,,,,,
,-重录入总号,,,,--室--—,,,,,,,,
|誉异备律,,91310000071239318Q 913100000,西现亮羽,,出口日期,,,一下报丽,,备每下列写,,,
,上海）,有限公司,,,,,,,,,,,
境外收货人,,,,"运输方式
保税港区",,运输工具名称及航次号,,提运单号,,,,,
"INO
生产销售单位",,"91310000071239318Q
91310000",,"监管方式
一般贸易",,"征免性质
一般征税",,许可证号,,,,,
"日沛电脑配件
|合同协议号",上海）,有限公司,"贸易国(地区）
中国",,,"运抵国(地区）
中国",,"指运港
中国境内",,离境口岸,上海松江,,
 包装种类,,天然木托,"件:数
1","毛重（千克）
150.50000",,"净重(千克）
53.811200","成交方式
FOB",运费,保费,杂费,,,
随附单证及编号,,,,,,,,,,,,,
 标记唛码及备注 标记唛码及备注,5运客注箱,,,,,,,,,,,,
,兰注20-_Mlle--,,,,,,,,,,,,
厂项写,商品编号,附加码,商品名称、,规格型号,数量及单位,单价,总价,�﻿�制,原产届,（地区）,最终目的国(地区,境内货源地,征免
1,8473309000 999,,按键/铝合金制,,18.5600千克/,128000个,0.119760 15329.28,USD,中国,,中国,31189,
2,8473309000 999,,按键/铝合金制,,28.454千克/ 249600个,,0.119760 29892.10,USD,中国,,中国,31189,
3,8473309000 999,,按键/铝合金制,,5. 1072千克/ 4800个,,0.119760,5365.25,USD,中国,中国,31189,
,8473309000 999,,按键/铝合金制,,0.5632千克/,6400个,0.119760,766.46,USD,中国,中国,31189,
,8473309000 999,,按键/铝合金制,,1.1264千克/ ,,0.119760,1532.93,USD,中国,中国,31189,
L,,,,,,,,,,,,,
,,"，编认:
特肤关系确",否,,价格影响确认,已,,,,支付特权使用费确认：,各,,
0--,,,,,,,s产高及盈,,,,,,
录入员,,"""密声雨以正两容承面和买年机”依医时税之法律贾
录入单位",,,,,,,,,,,
E令星,,,,,,,申请单位(签章),,,,,,
