﻿序号,商品品名,税号,附加码,,申报要素
1,防磁屏蔽罩,8473309000,999,0|0|平板电脑用|无品牌|无型号|非内存条|||,
2,防磁屏蔽罩,8473309000,999,0|0|平板电脑用|无品牌|无型号|非内存条|||,
3,固定支架/贱金属制,8473309000,999,0|0|平板电脑用|无品牌|无型号|非内存条|||,
4,固定支架/贱金属制,8473309000,999,0|0|平板电脑用|无品牌|无型号|非内存条|||,
5,固定支架/贱金属制,8473309000,999,0|0|笔记本电脑用|无品牌|无型号|不为内存条|||固定支撑作用,
