﻿,,卖,方:LY Investment(HK) Limited,,,,,,,,,,,,,,,,,,,,,,,
,,Sellers﹕LY Investment(HK) Limited,,,,,,,,,,,,,,,,,,,,,,,,
,,地,"址﹕Room 1,12/F,Sunwise Industrial Building,16-26 Wang Wo Tsai",,,,,,,,,,,,,,,,,,,,,,,
,,"Street,Tsuen Wan,New Territoire",,,,,,,,,,,,,,,,,,,,,,,,
,,TEL:86-755-89748186,,,,,,,,,,,,,,,,,,,,,,,,
,,,,,,,,,PACKING LIST&INVOICE,,,,,,,,,,,,,,,,,
,,,,,,,出口账册,,03-非保税-逐单,,,,,INVOICE:,HC190921004-N,,,,,,,,,,,
,,买,方：鸿富锦精密电子(成都)有限公司,,,,客服责任人,,姚倩,,,,,Date:,2019/9/21,,,,,,,,,,,
,,地 址：成都高新区西区出口加工区,,,,,费用归属,华西冲压营运,,,,,,FOB成都,,,,,,,,,,,,
,,结汇方式：先出后结,,,,,归属原因,AMG交期不满足出货,,,,,,,,,,,,,,,,,,
,,,,,,,,,,,,UNIT PRICE,AMOUNT,NET WEIGHT,GROSS,,,,,,,,,,,
,Item,,DESCRIPTION,,,H.H P/N,LS P/N,,QUANTITY,,,(USD),(USD),(KGS),"WEIGHT
(KGS)",,Ctns/箱数,"Plts
板数","栈板编
号",,BU,ORIGIN,,,,
,1,防磁屏蔽罩,,,806-20169-T,,880-AMG682-A0-0B,,,"48,000",,0﻿.04000,1920.00,2.40000,840.000,,2,4,1#-4#,SMT,,China,,,,
,2,防磁屏蔽罩,,,806-21182-T,,880-AMG736-A0-0B,,,"74,760",,0.30020,22442.95,224.72856,,,89,,,SMT,,China,,,,
,3,固定支架/贱金属制,,,806-19728-T,,880-AMG619-A0-0B,,,"30,464",,0.05500,1675.52,26.65600,94.500,,14,,,APPCD-CMI China,,,,,,
,4,固定支架/贱金属制,,,806-13507-T,,880-WIN970-A0-D,,,"8,000",,0.08050,644.00,3.25840,7.300,,1,0,散货,APPCD-CMI China,,,,,,
,5,固定支架/贱金属制,,,604-13809-LS,,880-DWE757-A0-00,,,"35,000",,0.46550,16292.50,3.95500,19.000,,5,,,IMBNB,China,,,,,
,Total,,,,,,,,,"196,224",,,"42,974.97",260.99796,,960.800,111,4,,,,,,,,
Total:,,,,91,,Cartons,4,,Plts,,,,20,Cartons,,,,,,,,,,,,
,,,包装方式：,,,其他,,,,,纸箱,,,,,,,,,,,,,,,
,汇总,,,,,,,,,,,,,,,,,,,,,,,,,
45.36mm*21.5mm*2.2mm6.43mm*4.364m5m.*316.m1m5*m2m1.5mm*2.26m.m43mm*4.36mm*1.15mm,,,,,,,,,,"122,760",,,24362.95,227.12856,,,91,,,,,,,,,
,135.16mm*8.79mm*1.37mm20mm*12305m.m16mm*8.79mm*1.2307mmmm*20mm,,,,,,,,,"73,464",,,18612.02,33.86940,,,20,,,,,﻿,,,,
,,,,,,,,,,"196,224",,,"42,974.97",260.99796,,,111,,,,,,,,,
,,,,,,,,,TRUE,,,,TRUE,TRUE,,,TRUE,,,,,,,,,
,,卖,方:成都领益科技有限公司,,,,,,,,,,,,,,,,,,,,,,,
,,"Sellers﹕Chengdu Lingyi Technology Co.,Ltd",,,,,,,,,,,,,,,,,,,,,,,,
,,地址：中国.成都崇州市泗潍路南段,,,,,,,,,,,,,,,,,,,,,,,,
,,TEL:+86 028 8228-5066 Ext:802,,,,,,,,,,,,,,,,,,,,,,,,
,,,,,,,,,PACKING LIST&INVOICE,,,,,,,,,,,,,,,,,
,,,,,,,,,,,,,,,,,INVOICE: HC190921004-N,,,,,,,,,
,,买方：LY Investment(HK) Limited,,,,,,,,,,,,,,,Date:,2019/9/21,,,,,,,,
,,"地址：Room 1,12/F,Sunwise Industrial Building,16-26 Wang Wo Tsai Street,Tsuen Wan,New Territoire",,,,,,,,,,,,,,,FOB 成都,,,,,,,,,
,,结汇方式：先出后结,,,,,,,,,,,,,,,,,,,,,,,,
,,,,,,,,,,,UNIT PRICE,,AMOUNT,,NET WEIGHT,,"GROSS
WEIGHT",,,,Plts,栈板编,,,,
,Item,1,DESCRIPTION,防磁屏蔽罩,806-20169-T 880-AMG682-A0-0B,H.H P/N,LS P/N,"草单序号
1
2
3
4
5",QUANTITY,"48,000",0.03680,(USD),"1,766.40",(USD),2.40000,(KGS),(KGS),,Ctns/箱数,2,板数,号,SMT,BU,OR﻿IGIN,China
,,,,,,,,,,,,,,,,,840.000,,,,4,1#-4#,,,,
,,2,,防磁屏蔽罩,806-21182-T 880-AMG736-A0-0B,,,,,"74,760",0.27618,,"20,647.22",,224.72856,,,,,89,,,SMT,,,China
,,3,,固定支架/贱金属制,806-19728-T 880-AMG619-A0-0B,,,,,"30,464",0.05060,,"1,541.48",,26.65600,,94.500,,,14,,,APPCD-CMI China,,,
,,4,,固定支架/贱金属制,806-13507-T,880-WIN970-A0-D,,,,"8,000",0.07406,,592.48,,3.25840,,7.300,,,1,0,散货,APPCD-CMI China,,,
,,5,,固定支架/贱金属制,604-13809-LS 880-DWE757-A0-00,,,,,"35,000",0.42826,,"14,989.10",,3.95500,,19.000,,,5,,,IMBNB,China,,
,,Total,,,,,,,,"196,224",,,"39,536.68",,260.99796,,960.800,,,111,4,,,,,
,,Total:,91,,Cartons,,4,,,Plts,,,20,,Cartons,,,,,,,,,,,
,,,包装方式：,,其他,,,,,栈板,,,,,,,,,,,,,,,,
,,汇总,,,,,,,,,,,,,,,,,,,,,,,,
45.36mm*21.5mm*2.2mm6.43mm*4.36mm*1.15mm,,,,,45.36mm*21.5 6.43mm*4.36mm*1.,,,,,"122,760",,,"22,413.62",,227.12856,,,,,,,,,,,
"135.16mm*8.7
9mm*1.37mm",mm*2.2mm,135.16mm*8.79mm*1.37mm20mm*20mm,,,"15mm
20mm*20mm",,,,"73,464",,,,"17,123.06",,﻿,33.86940,,,,,,,,,,
,,,,,,,,,"196,224",,,,"39,536.68",,,260.99796,,,,,,,,,,
,,,,,,,,,TRUE,,,,TRUE,,,TRUE,,,,,,,,,,
"Issue To:
Supplier:
Order Date:
Order No.:
Currency:
Incoterms:","LY Investment(HK) Limited
Chengdu Lingyi Technology
2019/9/21
HC190921004-N
USD
FOB","Co.,Ltd","LY Investment(HK) Limited
Purchase Order",,,,,,,,,,,,,,,,,,,,,,,
Item,PART,,,规格尺寸,,REV,QTY,U/P(US$),Amount (US$),,Unit,Del.Date,,,,,,,,,,,,,,
1,防磁屏蔽罩,,,45.36mm*21.5mm*2.2mm,,,"1 22,760",#REF!,,#REF! PCS,,2019/9/21,,,,,,,,,,,,,,
2,固定支架/贱金属制,,,135.16mm*8.79mm*1.37mm,,,"7 3,464",#REF!,,#REF! PCS,,2019/9/21,,,,,,,,,,,,,,
,,,,,Total:,,"196,224",,,#REF!,,,,,,,,,,,,,,,,
,,,Total:Say the total amount is USD dollar USD,,,,,,,#REF!,only,,,,,,,,,,,,,,,
1.Shipment:,,Partial shipment,,,,,,,,,,,,,,,,,,,,,,,,
2.Payment Terms:,,T/T 90 days,,,,,,,,,,,,,,,,,,,,,,,,
3.Paying Agent:,,LY Investment(HK) Limited,,,,,,,,,,,,,,,,,,,,,,,,
4.Manufacturer:,,"Chengdu Lingyi Technology Co.,Ltd",,,,,,,,,,,,,,,,,,,,,,,,
5.Packing:,,St﻿andard export packing,,,,,,,,,,,,,,,,,,,,,,,,
,,Buyer:,,,,,,Sellers Acknowledgement:,,,,,,,,,,,,,,,,,,
