﻿,,,中华人民共和国海关出口货物报关单,,,,,,
录入编号,,海关编号,,,,,,,页码/页数
境内发货人,,出境关别,,出口日期,,申报日期,,备案号,
杭州泰诺奇佳斯米鞋料有限公司,,宁波海关,,,,,,,
"境外收货人
TECNO S",,"运输方式
海运",,运输工具名称及航次号,,提运单号,,,
"生产销售单位
杭州泰诺奇佳斯米鞋料有限公司",,"监管方式
一般贸易",,"征免性质
一般征税",,许可证号,,,
"合同协议号
J1909TCS",,"贸易国（地区）
UKRAINE",,"运抵国（地区）
UKRAINE",,"指运港
ODESSA",,"离境口岸
NINGBO",
"包装种类
木托",,"件数
10","毛重（千克）
10270","净重（千克）
9970","成交方式
FOB",运费,"保费
0",,"杂费
0"
随附单证及编号,,,,,,,,,
标记唛码及备注,,,,,,,,,
项号,商品编码,商品名称及规格型号,数量及单位,单价,总价,币制,原产国(地区),最终目的国(地区)境内货源地,征免
,56031410,浸渍无纺布,9970千克,,25533.000,USD,中国,UKRA﻿INE,杭州
1,,申报要素：,10665.00平方米,,,,,,
2,,申报要素：,,,,,,,
3,,申报要素：,,,,,,,
4,,申报要素：,,,,,,,
5,,申报要素：,,,,,,,
特殊关系确认：,,价格影响确认：,,,支付特许权使用费确认：,,,自报自缴：,
"报关人员
申报单位：",报关人员证号,电话,"兹申明对以上内容承担如实申报、依法纳税之法律责任
申报单位（签章）",,,海关批注及签章,,,
