﻿,,,,,,,,I N V O I C E,,,,,
,,,,,,,,(SUMMARY LIST),,,,,
INVENTEC SHIPMENT,,,,,,,,,,,,,
Inventec (Chongqing) Corp.,,,,,,,PICK UP DATE: 01/03/2020,,,,,,
No.66 West District 2nd Rd.,,,,,,,,,,,,,
Shapingba district,,,,,,,,,,,,,
,,,,,,,,,,,PAGE:,1,
,,,,,,,MASTER MAWB,: 8DN0930,,,,,
INVENTEC CORPORATION (HONG KONG)LTD,,,,,,,FORWARDER,: MSAS,,,,,
LEVEL,28 THREE,PACIFIC,PLACE,,,,PER,:AIR FREIGHT,,,,,
HK,,,,,,,FROM,: Chongqing,,,,,
1,QUEEN'S,ROAD EAST,,,,,SHIPPED TO,: GB,,,,,
Hong Kong,,,,,,,SHIPPED ON,: 01/03/2020,,,,,
,,,,,,,PAYMENT TERM,: TT 45 days,,,,,
,,,,,,,TRADE TERMS,: FCA,SHIPPER'S DOCK,,,,
,,,,,,,SHIPMENT NO.,: 102791446,,,,,
INVOICE NO,,SALES ORDER,,LINE,PURCHASE,PRODUCT,,DESCRIPTION,,QTY.,,UNIT PRICE,EXTENDED PRICE
LEAD NO,,CUSTOMER ID,,ITEM,ORDER,NUMBER,,,,SHIP.,,USD,USD
_________________________________________________________________________________________________________________________________,,,,,,,,,,,,,
H626232192,,80W453171001,,140,75665231,,6YE31AW#ABU,E830G6U58365UJN256FINCN08NNu,,,2,634.49,"1,﻿268.98"
,,,,ORIGIN:金属壳笔记本电脑,,,(PCFR33AAC03Y,)(NOTEBOOK,,,,,
,,,,,"(F-CATALON) NOTEBOOK,1.6GHZ,8GB,UK,SSD 256GB,13.3 FH",,,,,,,,
H626232799,,80W452488001,,10,75665403,,8TH16PC#ABU,HP EB830G6 i5-8365U 13 8GB/2,,,2,562.29,"1,124.58"
,,,,ORIGIN:金属壳笔记本电脑,,,(PCFR33YKX03Y,)(NOTEBOOK,,,,,
,,,,,"(F-CATALON) NOTEBOOK,1.6GHZ,8GB,UK,SSD 256GB,13.3 FH",,,,,,,,
________________________________________________________________________________________________________________________________,,,,,,,,,,,,,
TOTAL:,,,,,,,,,,,4,,"2,393.56"
ALL,: 合计：,,,,,,,,,,4,,"2,393.56"
REMARKS :,,,,,,,,,,,,,
1. DESTINATION CONTROL STATEMENT:,,,,,,,,,,,,,
2. THE NAME OF RESPONSIBLE INDIVIDUAL:,,,,,,,,,,,,,
,", TEL: EXT:",,,,,,,,,,,,
3. REMITANCE INSTRUCTION:,,,,,,,,,,,,,
4. THIS DOCUMENT IS CERTIFIED TO BE TRUE AND ACCURATE.,,,,,,,,,,,,,
,,,,,,,,,,,,______________________________,
,,,,,,,,,,,,Inventec (Chongqing) Corp.,
