﻿INVENTEC,SHIPMENT,,,,,,,,,,,,,,,,,
,,,,,,P,A,,C,K,I,N,G,,,,,
Inventec (Chongqing) Corp.,,,,,,(SUMMARY,,,,,,LIST),,,,,,
No.66 West District 2nd Rd.,,,,,,,,,,,,,,,,,,
Shapingba district,,,,,,,,,,,,,,,,,,
Chongqing 401331 China,,,,,,PICK,UP,,DATE:,,,01/03/2020,,,,PAGE:1,of,2
,,,,,,MASTER,,,MAWB,,,,,8DN0930,,,,
,,,,,,FORWARDER,,,,,,,,MSAS,,,,
,,,,,,PER,,,,,,,:AIR,FREIGHT,,,,
,,,,,,FROM,,,,,,,,Chongqing,,,,
,,,,,,SHIPPED,,,TO,,,,,GB,,,,
,,,,,,SHIPPED,,,ON,,,,,01/03/2020,,,,
,,,,,,SHIPMENT,,,,NO.,,,,102791446,,,,
INVOICE NO,CUSTOMER PO#,,,,PURCHASE ORDER,PRODUCT NUMBER,,,,,,SHIP QTY.,,,NET WEIGHT,GROSS WEIGHT,,
LEAD NO,CUSTOMER ID,,,,DESCRIPTION,,,,,,,,,,,,,
________________________________________________________________________________________________________________________________,,,,,,,,,,,,,,,,,,
H626232192,Q715015,,,,75665231,6YE31AW#ABU,,,,,,,,,2,4.152,,
,,,,,ORIGIN:金属壳笔记本电脑,,,,(PCFR33AAC03Y,,,,,)(NOTEBOOK,,,,
,,,,,,"(F-CATALON) NOTEBOOK,1.6GHZ,8GB,UK,SSD 256GB,13.3 FH",,,,,,,,,,,,
pallet: 2﻿81356831,,,,,,,,,,,,,,,,,,
carton: 281356827 - 281356828 ;,,,,,,,,,,,,,,,,,,
H626232799,Q715560,,,,75665403,8TH16PC#ABU,,,,,,,,,2,4.178,,
,,,,,ORIGIN:金属壳笔记本电脑,,,,(PCFR33YKX03Y,,,,,)(NOTEBOOK,,,,
,,,,,,"(F-CATALON) NOTEBOOK,1.6GHZ,8GB,UK,SSD 256GB,13.3 FH",,,,,,,,,,,,
pallet: 281356831,,,,,,,,,,,,,,,,,,
carton: 281356829 - 281356830 ;,,,,,,,,,,,,,,,,,,
________________________________________________________________________________________________________________________________,,,,,,,,,,,,,,,,,,
TOTAL:,,,,,,,,,,,,,,4,8.330KGS,9.50KGS,,
=TOTAL UNITS,,,4,,,,,,,,,,,,,,,
=TOTAL CARTONS:,,,4,,,,,,,,,,,,,,,
=TOTAL PACKAGE:,,,1,,,1 of them is in the highest packing level ),,,,,,,,,,,,
=TOTAL PALLETS:,,,0,,,,,,,,,,,,,,,
=ALL UNITS,,,4,,,,,,,,,,,,,,,
=ALL CARTONS:,,,4,,,,,,,,,,,,,,,
=ALL PACKAGE:,,,1,,,,,,,,,,,,,,,
=ALL PALLETS:,,,0,,,,,,,,,,,,,,,
=ALL N WEIGHT:,,,8.330 KGS,,,,,,,,,,,,,,,
INVENTEC,,,SHIPMENT,,,,,,,,,,,,,,,
Inventec (Chongqing) Corp.,,,,,,,P,A,C,K,I,N,G,,,,,
No.66 West District 2nd Rd.,﻿,,,,,,(SUMMARY,,,,,LIST),,,,,,
Shapingba district,,,,,,,,,,,,,,,,,,
Chongqing 401331 China,,,,,,,,,,,,,,,,,,
,,,,,,,PICK,UP,DATE:,,,01/03/2020,,,,PAGE:2,of,2
,,,,,,,MASTER,,MAWB,,,,,8DN0930,,,,
,,,,,,,FORWARDER,,,,,,,MSAS,,,,
,,,,,,,PER,,,,,,:AIR,FREIGHT,,,,
,,,,,,,FROM,,,,,,,Chongqing,,,,
,,,,,,,SHIPPED,,TO,,,,,GB,,,,
,,,,,,,SHIPPED,,ON,,,,,01/03/2020,,,,
,,,,,,,SHIPMENT,,,NO.,,,,102791446,,,,
,INVOICE NO,,CUSTOMER PO#,,PURCHASE ORDER,,PRODUCT NUMBER,,,,,,SHIP QTY.,,NET WEIGHT,GROSS WEIGHT,,
,LEAD NO,,,CUSTOMER ID,DESCRIPTION,,,,,,,,,,,,,
________________________________________________________________________________________________________________________________,,,,,,,,,,,,,,,,,,
=ALL G WEIGHT:,,,,9.50 KGS,,,,,,,,,,,,,,
REMARKS,,,,,,,,,,,,,,,,,,
1.,DESTINATION,,,CONTROL,STATEMENT:,,,,,,,,,,,,,
2.,THE,NAME,OF,RESPONSIBLE,INDIVIDUAL:,,,,,,,,,,,,,
,TEL:,,EXT:.,,,,,,,,,,,,,,,
,,,,,,,_____________________,,,,,,,,,,,
,,,,,,Inventec,(Chongqing),,,Corp.,,,,,,,,
